asset,CAR_-3_+3,CAR_-1_+1
Brent,-0.017601891291717606,-0.0015586389516463834
WTI,-0.009120598323001576,-0.0015069995427290823
EEM,0.0289132975538193,0.02575238608782537
ILF,0.0034497606763081753,0.007049687235882382
BTC,0.06115746134733445,0.03810841598031719
ETH,0.09617145763876214,0.057799535759903396
